{
    "$schema": "./mfboard.schema.json",
    "UsbDriveSettings": {
      "VolumeLabel": "RPI-RP2",
      "VerificationFileName": "INFO_UF2.TXT"
    },
    "Connection": {
      "ConnectionDelay": 1250,
      "DelayAfterFirmwareUpdate": 1250,
      "DtrEnable": true,
      "EEPROMSize": 1496,
      "ExtraConnectionRetry": false,
      "ForceResetOnFirmwareUpdate": true,
      "MessageSize": 64
    },
    "HardwareIds": ["^VID_2E8A&PID_000A"],
    "Info": {
      "CanInstallFirmware": true,
      "CanResetBoard": true,
      "FirmwareBaseName": "saves_mf_em_2_raspberrypico",
      "FirmwareExtension": "uf2",
      "FriendlyName": "MF_EM_2",
      "LatestFirmwareVersion": "0.0.1",
      "MobiFlightType": "MF_EM_2",
      "ResetFirmwareFile": "reset.raspberry_pico_flash_nuke.uf2",
      "CustomDeviceTypes": [
        "TRQGauge",
        "OTOPGauge",
        "NGGauge"
      ],
      "Community": {
      "Project": "Mobiflight Engine Management/Monitoring Gauges",
        "Website": "https://www.youtube.com/@3SFlightSims",
        "Docs": "https://github.com/savesabanal01/MF_EM_Gauges_2",
        "Support": "https://github.com/savesabanal01/MF_EM_Gauges_2"
      }
    },
    "ModuleLimits": {
      "MaxAnalogInputs": 3,
      "MaxInputShifters": 6,
      "MaxButtons": 26,
      "MaxEncoders": 13,
      "MaxLcdI2C": 2,
      "MaxLedSegments": 6,
      "MaxOutputs": 26,
      "MaxServos": 8,
      "MaxShifters": 6,
      "MaxSteppers": 6,
      "MaxInputMultiplexer": 6,
      "MaxCustomDevices": 1
    },
    "Pins": [
      {
        "isAnalog": false,
        "isI2C": false,
        "isPWM": true,
        "Pin": 0
      },
      {
        "isAnalog": false,
        "isI2C": false,
        "isPWM": true,
        "Pin": 1
      },
      {
        "isAnalog": false,
        "isI2C": true,
        "isPWM": true,
        "Pin": 4
      },
      {
        "isAnalog": false,
        "isI2C": true,
        "isPWM": true,
        "Pin": 5
      },
      {
        "isAnalog": false,
        "isI2C": false,
        "isPWM": true,
        "Pin": 9
      },
      {
        "isAnalog": false,
        "isI2C": false,
        "isPWM": true,
        "Pin": 10
      },
      {
        "isAnalog": false,
        "isI2C": false,
        "isPWM": true,
        "Pin": 11
      },
      {
        "isAnalog": false,
        "isI2C": false,
        "isPWM": true,
        "Pin": 12
      },
      {
        "isAnalog": false,
        "isI2C": false,
        "isPWM": true,
        "Pin": 13
      },
      {
        "isAnalog": true,
        "isI2C": false,
        "isPWM": false,
        "Name": "A0",
        "Pin": 26
      },
      {
        "isAnalog": true,
        "isI2C": false,
        "isPWM": false,
        "Name": "A1",
        "Pin": 27
      },
      {
        "isAnalog": true,
        "isI2C": false,
        "isPWM": false,
        "Name": "A2",
        "Pin": 28
      }
    ]
  }
  